<?xml version="1.0" encoding="UTF-8"?>
<beans xmlns="http://www.springframework.org/schema/beans"
	xmlns:xsi="http://www.w3.org/2001/XMLSchema-instance"
	xsi:schemaLocation="http://www.springframework.org/schema/beans http://www.springframework.org/schema/beans/spring-beans-2.0.xsd">

	<bean id="top" class="org.restlet.ext.spring.SpringComponent">
		<property name="server">
			<bean class="org.restlet.ext.spring.SpringServer">
				<constructor-arg value="http" />
				<constructor-arg value="3000" />
			</bean>
		</property>
		<property name="defaultTarget" ref="default" />
	</bean>

	<bean id="default" class="org.restlet.ext.spring.SpringRouter">
		<property name="attachments">
			<map>
				<entry key="/v1" value-ref="root" />
			</map>
		</property>
	</bean>

</beans>
